County,Year,Tax_type,Amount
Carlow,2025,VAT,126.92
Carlow,2025,Corporation Tax,41.9
Carlow,2025,Capital Gains Tax,14.94
Carlow,2025,Income Taxes,212.49
Carlow,2025,Total,396.25
Cavan,2025,VAT,145.89
Cavan,2025,Corporation Tax,115.83
Cavan,2025,Capital Gains Tax,16.12
Cavan,2025,Income Taxes,264.29
Cavan,2025,Total,542.13
Clare,2025,VAT,220.63
Clare,2025,Corporation Tax,317.56
Clare,2025,Capital Gains Tax,34.66
Clare,2025,Income Taxes,542.37
Clare,2025,Total,1115.22
Cork,2025,VAT,2143.88
Cork,2025,Corporation Tax,13800.99
Cork,2025,Capital Gains Tax,233.49
Cork,2025,Income Taxes,3030.8500000000004
Cork,2025,Total,19209.21
Donegal,2025,VAT,232.75
Donegal,2025,Corporation Tax,132.36
Donegal,2025,Capital Gains Tax,16.73
Donegal,2025,Income Taxes,362.99
Donegal,2025,Total,744.83
Dublin,2025,VAT,12166.99
Dublin,2025,Corporation Tax,16675.24
Dublin,2025,Capital Gains Tax,883.31
Dublin,2025,Income Taxes,18268.800000000003
Dublin,2025,Total,47994.340000000004
Galway,2025,VAT,530.84
Galway,2025,Corporation Tax,413.99
Galway,2025,Capital Gains Tax,79.15
Galway,2025,Income Taxes,1410.9
Galway,2025,Total,2434.88
Kerry,2025,VAT,256.34
Kerry,2025,Corporation Tax,93.69
Kerry,2025,Capital Gains Tax,48.44
Kerry,2025,Income Taxes,968.73
Kerry,2025,Total,1367.2
Kildare,2025,VAT,730.48
Kildare,2025,Corporation Tax,418.36
Kildare,2025,Capital Gains Tax,82.01
Kildare,2025,Income Taxes,937.95
Kildare,2025,Total,2168.8
Kilkenny,2025,VAT,171.13
Kilkenny,2025,Corporation Tax,84.38
Kilkenny,2025,Capital Gains Tax,21.21
Kilkenny,2025,Income Taxes,496.32000000000005
Kilkenny,2025,Total,773.0400000000001
Laois,2025,VAT,131.72
Laois,2025,Corporation Tax,34.01
Laois,2025,Capital Gains Tax,12.02
Laois,2025,Income Taxes,145.76
Laois,2025,Total,323.51
Leitrim,2025,VAT,251.99
Leitrim,2025,Corporation Tax,15.3
Leitrim,2025,Capital Gains Tax,5.17
Leitrim,2025,Income Taxes,264.71999999999997
Leitrim,2025,Total,537.18
Limerick,2025,VAT,434.8
Limerick,2025,Corporation Tax,343.59
Limerick,2025,Capital Gains Tax,109.65
Limerick,2025,Income Taxes,1033.71
Limerick,2025,Total,1921.75
Longford,2025,VAT,57.46
Longford,2025,Corporation Tax,37.9
Longford,2025,Capital Gains Tax,7.62
Longford,2025,Income Taxes,102.94
Longford,2025,Total,205.92
Louth,2025,VAT,317.54
Louth,2025,Corporation Tax,158.87
Louth,2025,Capital Gains Tax,66.78
Louth,2025,Income Taxes,426.35999999999996
Louth,2025,Total,969.55
Mayo,2025,VAT,209.45
Mayo,2025,Corporation Tax,370.83
Mayo,2025,Capital Gains Tax,31.15
Mayo,2025,Income Taxes,379.35
Mayo,2025,Total,990.78
Meath,2025,VAT,460.51
Meath,2025,Corporation Tax,321.74
Meath,2025,Capital Gains Tax,76.12
Meath,2025,Income Taxes,677.06
Meath,2025,Total,1535.4299999999998
Monaghan,2025,VAT,138.87
Monaghan,2025,Corporation Tax,105.97
Monaghan,2025,Capital Gains Tax,13.92
Monaghan,2025,Income Taxes,175.39
Monaghan,2025,Total,434.15
Offaly,2025,VAT,126.93
Offaly,2025,Corporation Tax,64.1
Offaly,2025,Capital Gains Tax,13.46
Offaly,2025,Income Taxes,428.33
Offaly,2025,Total,632.8199999999999
Roscommon,2025,VAT,130.76
Roscommon,2025,Corporation Tax,33.35
Roscommon,2025,Capital Gains Tax,15.89
Roscommon,2025,Income Taxes,114.98
Roscommon,2025,Total,294.98
Sligo,2025,VAT,83.89
Sligo,2025,Corporation Tax,55.32
Sligo,2025,Capital Gains Tax,11.52
Sligo,2025,Income Taxes,199.51
Sligo,2025,Total,350.24
Tipperary,2025,VAT,296.93
Tipperary,2025,Corporation Tax,92.47
Tipperary,2025,Capital Gains Tax,58.22
Tipperary,2025,Income Taxes,364.52000000000004
Tipperary,2025,Total,812.1400000000001
Waterford,2025,VAT,256.62
Waterford,2025,Corporation Tax,183.67
Waterford,2025,Capital Gains Tax,38.96
Waterford,2025,Income Taxes,390.56
Waterford,2025,Total,869.81
Westmeath,2025,VAT,175.58
Westmeath,2025,Corporation Tax,131.52
Westmeath,2025,Capital Gains Tax,38.64
Westmeath,2025,Income Taxes,1564.08
Westmeath,2025,Total,1909.82
Wexford,2025,VAT,254
Wexford,2025,Corporation Tax,148.6
Wexford,2025,Capital Gains Tax,47.94
Wexford,2025,Income Taxes,357.28
Wexford,2025,Total,807.8199999999999
Wicklow,2025,VAT,284.17
Wicklow,2025,Corporation Tax,235.43
Wicklow,2025,Capital Gains Tax,47.71
Wicklow,2025,Income Taxes,400.73
Wicklow,2025,Total,968.0400000000001
Other / Foreign,2025,VAT,1384.91
Other / Foreign,2025,Corporation Tax,240.02
Other / Foreign,2025,Capital Gains Tax,111.17
Other / Foreign,2025,Income Taxes,415.04999999999995
Other / Foreign,2025,Total,2151.15
Carlow,2024,VAT,120.48
Carlow,2024,Corporation Tax,40.26
Carlow,2024,Capital Gains Tax,7.39
Carlow,2024,Income Taxes,200.33
Carlow,2024,Total,368.46000000000004
Cavan,2024,VAT,141.44
Cavan,2024,Corporation Tax,66.79
Cavan,2024,Capital Gains Tax,22.32
Cavan,2024,Income Taxes,252.55
Cavan,2024,Total,483.1
Clare,2024,VAT,212.52
Clare,2024,Corporation Tax,263.27
Clare,2024,Capital Gains Tax,31.19
Clare,2024,Income Taxes,503.43
Clare,2024,Total,1010.41
Cork,2024,VAT,2061.94
Cork,2024,Corporation Tax,21371.81
Cork,2024,Capital Gains Tax,175.85
Cork,2024,Income Taxes,2905.82
Cork,2024,Total,26515.420000000002
Donegal,2024,VAT,221.38
Donegal,2024,Corporation Tax,110.04
Donegal,2024,Capital Gains Tax,14.01
Donegal,2024,Income Taxes,336.65999999999997
Donegal,2024,Total,682.0899999999999
Dublin,2024,VAT,11702.91
Dublin,2024,Corporation Tax,14164.25
Dublin,2024,Capital Gains Tax,768.7
Dublin,2024,Income Taxes,17513.059999999998
Dublin,2024,Total,44148.92
Galway,2024,VAT,488.69
Galway,2024,Corporation Tax,405.1
Galway,2024,Capital Gains Tax,66.79
Galway,2024,Income Taxes,1368.07
Galway,2024,Total,2328.65
Kerry,2024,VAT,242.85
Kerry,2024,Corporation Tax,99.93
Kerry,2024,Capital Gains Tax,34.53
Kerry,2024,Income Taxes,961.47
Kerry,2024,Total,1338.78
Kildare,2024,VAT,591.44
Kildare,2024,Corporation Tax,262.07
Kildare,2024,Capital Gains Tax,100.27
Kildare,2024,Income Taxes,935.11
Kildare,2024,Total,1888.89
Kilkenny,2024,VAT,163.37
Kilkenny,2024,Corporation Tax,71
Kilkenny,2024,Capital Gains Tax,20.45
Kilkenny,2024,Income Taxes,485.18
Kilkenny,2024,Total,740
Laois,2024,VAT,119.99
Laois,2024,Corporation Tax,35.5
Laois,2024,Capital Gains Tax,10.84
Laois,2024,Income Taxes,136.87
Laois,2024,Total,303.2
Leitrim,2024,VAT,28.94
Leitrim,2024,Corporation Tax,22.91
Leitrim,2024,Capital Gains Tax,3.23
Leitrim,2024,Income Taxes,256.52
Leitrim,2024,Total,311.59999999999997
Limerick,2024,VAT,457.51
Limerick,2024,Corporation Tax,313.15
Limerick,2024,Capital Gains Tax,41.29
Limerick,2024,Income Taxes,999.21
Limerick,2024,Total,1811.16
Longford,2024,VAT,54.21
Longford,2024,Corporation Tax,32.37
Longford,2024,Capital Gains Tax,5.16
Longford,2024,Income Taxes,102.2
Longford,2024,Total,193.94
Louth,2024,VAT,318.39
Louth,2024,Corporation Tax,155.1
Louth,2024,Capital Gains Tax,30.24
Louth,2024,Income Taxes,404.74
Louth,2024,Total,908.47
Mayo,2024,VAT,196.31
Mayo,2024,Corporation Tax,251.62
Mayo,2024,Capital Gains Tax,21.19
Mayo,2024,Income Taxes,361.44000000000005
Mayo,2024,Total,830.5600000000001
Meath,2024,VAT,456.54
Meath,2024,Corporation Tax,355.49
Meath,2024,Capital Gains Tax,57.02
Meath,2024,Income Taxes,747.88
Meath,2024,Total,1616.93
Monaghan,2024,VAT,126.97
Monaghan,2024,Corporation Tax,92.8
Monaghan,2024,Capital Gains Tax,4.65
Monaghan,2024,Income Taxes,159.07
Monaghan,2024,Total,383.49
Offaly,2024,VAT,121.45
Offaly,2024,Corporation Tax,55.34
Offaly,2024,Capital Gains Tax,10.58
Offaly,2024,Income Taxes,415.08
Offaly,2024,Total,602.45
Roscommon,2024,VAT,118.88
Roscommon,2024,Corporation Tax,30.76
Roscommon,2024,Capital Gains Tax,16.03
Roscommon,2024,Income Taxes,107.87
Roscommon,2024,Total,273.54
Sligo,2024,VAT,100.21
Sligo,2024,Corporation Tax,52.79
Sligo,2024,Capital Gains Tax,11.4
Sligo,2024,Income Taxes,190
Sligo,2024,Total,354.4
Tipperary,2024,VAT,280.16
Tipperary,2024,Corporation Tax,83.7
Tipperary,2024,Capital Gains Tax,32.82
Tipperary,2024,Income Taxes,349.36
Tipperary,2024,Total,746.0400000000001
Waterford,2024,VAT,225.38
Waterford,2024,Corporation Tax,164.36
Waterford,2024,Capital Gains Tax,23.12
Waterford,2024,Income Taxes,369.65999999999997
Waterford,2024,Total,782.52
Westmeath,2024,VAT,164.58
Westmeath,2024,Corporation Tax,142.77
Westmeath,2024,Capital Gains Tax,27.65
Westmeath,2024,Income Taxes,1492.61
Westmeath,2024,Total,1827.61
Wexford,2024,VAT,241.48
Wexford,2024,Corporation Tax,134.15
Wexford,2024,Capital Gains Tax,26.65
Wexford,2024,Income Taxes,350.61
Wexford,2024,Total,752.89
Wicklow,2024,VAT,272.69
Wicklow,2024,Corporation Tax,90.68
Wicklow,2024,Capital Gains Tax,58.19
Wicklow,2024,Income Taxes,386.69000000000005
Wicklow,2024,Total,808.25
Other / Foreign,2024,VAT,1330.3
Other / Foreign,2024,Corporation Tax,192.98
Other / Foreign,2024,Capital Gains Tax,86.41
Other / Foreign,2024,Income Taxes,414.5
Other / Foreign,2024,Total,2024.19
Carlow,2023,VAT,101.94
Carlow,2023,Corporation Tax,32.87
Carlow,2023,Capital Gains Tax,4.97
Carlow,2023,Income Taxes,192.20999999999998
Carlow,2023,Total,331.98999999999995
Cavan,2023,VAT,129.54
Cavan,2023,Corporation Tax,66.99
Cavan,2023,Capital Gains Tax,14.9
Cavan,2023,Income Taxes,233.89
Cavan,2023,Total,445.32
Clare,2023,VAT,216.42
Clare,2023,Corporation Tax,181.13
Clare,2023,Capital Gains Tax,22.23
Clare,2023,Income Taxes,452.56
Clare,2023,Total,872.34
Cork,2023,VAT,1976.9
Cork,2023,Corporation Tax,7560.64
Cork,2023,Capital Gains Tax,205.51
Cork,2023,Income Taxes,2767.88
Cork,2023,Total,12510.93
Donegal,2023,VAT,181.26
Donegal,2023,Corporation Tax,71.77
Donegal,2023,Capital Gains Tax,14.35
Donegal,2023,Income Taxes,268.38
Donegal,2023,Total,535.76
Dublin,2023,VAT,10652.11
Dublin,2023,Corporation Tax,13150.32
Dublin,2023,Capital Gains Tax,685.9
Dublin,2023,Income Taxes,16443.45
Dublin,2023,Total,40931.78
Galway,2023,VAT,427.54
Galway,2023,Corporation Tax,309.14
Galway,2023,Capital Gains Tax,64.53
Galway,2023,Income Taxes,1265.8500000000001
Galway,2023,Total,2067.06
Kerry,2023,VAT,216.42
Kerry,2023,Corporation Tax,101.39
Kerry,2023,Capital Gains Tax,26.68
Kerry,2023,Income Taxes,866.8499999999999
Kerry,2023,Total,1211.34
Kildare,2023,VAT,544.71
Kildare,2023,Corporation Tax,288.77
Kildare,2023,Capital Gains Tax,76.94
Kildare,2023,Income Taxes,866.34
Kildare,2023,Total,1776.76
Kilkenny,2023,VAT,147.21
Kilkenny,2023,Corporation Tax,60.36
Kilkenny,2023,Capital Gains Tax,18.5
Kilkenny,2023,Income Taxes,456.96999999999997
Kilkenny,2023,Total,683.04
Laois,2023,VAT,112.75
Laois,2023,Corporation Tax,29.6
Laois,2023,Capital Gains Tax,6.48
Laois,2023,Income Taxes,131.26
Laois,2023,Total,280.09
Leitrim,2023,VAT,26.2
Leitrim,2023,Corporation Tax,15.52
Leitrim,2023,Capital Gains Tax,1.95
Leitrim,2023,Income Taxes,238.76
Leitrim,2023,Total,282.43
Limerick,2023,VAT,407.87
Limerick,2023,Corporation Tax,421.44
Limerick,2023,Capital Gains Tax,43.39
Limerick,2023,Income Taxes,964.99
Limerick,2023,Total,1837.69
Longford,2023,VAT,46.56
Longford,2023,Corporation Tax,21.56
Longford,2023,Capital Gains Tax,4.02
Longford,2023,Income Taxes,94.94
Longford,2023,Total,167.07999999999998
Louth,2023,VAT,288.01
Louth,2023,Corporation Tax,144.2
Louth,2023,Capital Gains Tax,28.9
Louth,2023,Income Taxes,393.02
Louth,2023,Total,854.13
Mayo,2023,VAT,171.33
Mayo,2023,Corporation Tax,174.18
Mayo,2023,Capital Gains Tax,16.61
Mayo,2023,Income Taxes,343.77
Mayo,2023,Total,705.89
Meath,2023,VAT,388.79
Meath,2023,Corporation Tax,256.3
Meath,2023,Capital Gains Tax,52.44
Meath,2023,Income Taxes,692.87
Meath,2023,Total,1390.4
Monaghan,2023,VAT,113.12
Monaghan,2023,Corporation Tax,64.85
Monaghan,2023,Capital Gains Tax,7.23
Monaghan,2023,Income Taxes,147.73
Monaghan,2023,Total,332.93
Offaly,2023,VAT,102.61
Offaly,2023,Corporation Tax,62.97
Offaly,2023,Capital Gains Tax,6.63
Offaly,2023,Income Taxes,383.45000000000005
Offaly,2023,Total,555.6600000000001
Roscommon,2023,VAT,95.05
Roscommon,2023,Corporation Tax,27.96
Roscommon,2023,Capital Gains Tax,5.46
Roscommon,2023,Income Taxes,100.65
Roscommon,2023,Total,229.12
Sligo,2023,VAT,189.85
Sligo,2023,Corporation Tax,48.51
Sligo,2023,Capital Gains Tax,6.41
Sligo,2023,Income Taxes,209.35000000000002
Sligo,2023,Total,454.12
Tipperary,2023,VAT,245.09
Tipperary,2023,Corporation Tax,85.08
Tipperary,2023,Capital Gains Tax,24.88
Tipperary,2023,Income Taxes,346.17
Tipperary,2023,Total,701.22
Waterford,2023,VAT,173.68
Waterford,2023,Corporation Tax,155.36
Waterford,2023,Capital Gains Tax,15.74
Waterford,2023,Income Taxes,361.32
Waterford,2023,Total,706.1
Westmeath,2023,VAT,142.88
Westmeath,2023,Corporation Tax,72.83
Westmeath,2023,Capital Gains Tax,19.62
Westmeath,2023,Income Taxes,1408.48
Westmeath,2023,Total,1643.81
Wexford,2023,VAT,224.27
Wexford,2023,Corporation Tax,148.11
Wexford,2023,Capital Gains Tax,18.72
Wexford,2023,Income Taxes,341.45
Wexford,2023,Total,732.55
Wicklow,2023,VAT,255.87
Wicklow,2023,Corporation Tax,102.34
Wicklow,2023,Capital Gains Tax,61.52
Wicklow,2023,Income Taxes,384.9
Wicklow,2023,Total,804.63
Other / Foreign,2023,VAT,1329.02
Other / Foreign,2023,Corporation Tax,187.8
Other / Foreign,2023,Capital Gains Tax,65.49
Other / Foreign,2023,Income Taxes,466.49
Other / Foreign,2023,Total,2048.8
Carlow,2022,VAT,86.53
Carlow,2022,Corporation Tax,33.55
Carlow,2022,Capital Gains Tax,7.19
Carlow,2022,Income Taxes,173.45000000000002
Carlow,2022,Total,300.72
Cavan,2022,VAT,115.04
Cavan,2022,Corporation Tax,77.63
Cavan,2022,Capital Gains Tax,7.47
Cavan,2022,Income Taxes,226.51
Cavan,2022,Total,426.65
Clare,2022,VAT,168.66
Clare,2022,Corporation Tax,136.84
Clare,2022,Capital Gains Tax,15.83
Clare,2022,Income Taxes,430.79
Clare,2022,Total,752.12
Cork,2022,VAT,1818.53
Cork,2022,Corporation Tax,8467.08
Cork,2022,Capital Gains Tax,184.82
Cork,2022,Income Taxes,2601.32
Cork,2022,Total,13071.75
Donegal,2022,VAT,151.96
Donegal,2022,Corporation Tax,78.69
Donegal,2022,Capital Gains Tax,13.88
Donegal,2022,Income Taxes,251.08
Donegal,2022,Total,495.61
Dublin,2022,VAT,9895.73
Dublin,2022,Corporation Tax,11525.39
Dublin,2022,Capital Gains Tax,792.11
Dublin,2022,Income Taxes,15006.86
Dublin,2022,Total,37220.09
Galway,2022,VAT,376.52
Galway,2022,Corporation Tax,267.17
Galway,2022,Capital Gains Tax,74.62
Galway,2022,Income Taxes,1166.8
Galway,2022,Total,1885.11
Kerry,2022,VAT,176.6
Kerry,2022,Corporation Tax,70.09
Kerry,2022,Capital Gains Tax,41.06
Kerry,2022,Income Taxes,823.3599999999999
Kerry,2022,Total,1111.11
Kildare,2022,VAT,487.01
Kildare,2022,Corporation Tax,168.72
Kildare,2022,Capital Gains Tax,65.43
Kildare,2022,Income Taxes,1054.21
Kildare,2022,Total,1775.3700000000001
Kilkenny,2022,VAT,127.72
Kilkenny,2022,Corporation Tax,65.33
Kilkenny,2022,Capital Gains Tax,17.77
Kilkenny,2022,Income Taxes,411.97999999999996
Kilkenny,2022,Total,622.8
Laois,2022,VAT,99.83
Laois,2022,Corporation Tax,27.3
Laois,2022,Capital Gains Tax,10.06
Laois,2022,Income Taxes,119.69999999999999
Laois,2022,Total,256.89
Leitrim,2022,VAT,21.17
Leitrim,2022,Corporation Tax,12.44
Leitrim,2022,Capital Gains Tax,4.64
Leitrim,2022,Income Taxes,201
Leitrim,2022,Total,239.25
Limerick,2022,VAT,360.65
Limerick,2022,Corporation Tax,404.3
Limerick,2022,Capital Gains Tax,74.21
Limerick,2022,Income Taxes,869.73
Limerick,2022,Total,1708.89
Longford,2022,VAT,41.08
Longford,2022,Corporation Tax,18.91
Longford,2022,Capital Gains Tax,9.33
Longford,2022,Income Taxes,90.29
Longford,2022,Total,159.61
Louth,2022,VAT,237.05
Louth,2022,Corporation Tax,115.17
Louth,2022,Capital Gains Tax,25.4
Louth,2022,Income Taxes,360.89
Louth,2022,Total,738.51
Mayo,2022,VAT,158.65
Mayo,2022,Corporation Tax,136.57
Mayo,2022,Capital Gains Tax,25.07
Mayo,2022,Income Taxes,320.83
Mayo,2022,Total,641.12
Meath,2022,VAT,334.13
Meath,2022,Corporation Tax,276.81
Meath,2022,Capital Gains Tax,56.22
Meath,2022,Income Taxes,647.86
Meath,2022,Total,1315.02
Monaghan,2022,VAT,94.91
Monaghan,2022,Corporation Tax,57.49
Monaghan,2022,Capital Gains Tax,13.13
Monaghan,2022,Income Taxes,135.55
Monaghan,2022,Total,301.08
Offaly,2022,VAT,85.55
Offaly,2022,Corporation Tax,52.38
Offaly,2022,Capital Gains Tax,7.27
Offaly,2022,Income Taxes,345.25
Offaly,2022,Total,490.45
Roscommon,2022,VAT,87.07
Roscommon,2022,Corporation Tax,25.76
Roscommon,2022,Capital Gains Tax,8.88
Roscommon,2022,Income Taxes,94.44
Roscommon,2022,Total,216.15
Sligo,2022,VAT,156.99
Sligo,2022,Corporation Tax,38.89
Sligo,2022,Capital Gains Tax,9.71
Sligo,2022,Income Taxes,192.68
Sligo,2022,Total,398.27000000000004
Tipperary,2022,VAT,239.31
Tipperary,2022,Corporation Tax,78.01
Tipperary,2022,Capital Gains Tax,29.65
Tipperary,2022,Income Taxes,326.95
Tipperary,2022,Total,673.92
Waterford,2022,VAT,156.59
Waterford,2022,Corporation Tax,105.1
Waterford,2022,Capital Gains Tax,27.18
Waterford,2022,Income Taxes,344.4
Waterford,2022,Total,633.27
Westmeath,2022,VAT,120.29
Westmeath,2022,Corporation Tax,83.55
Westmeath,2022,Capital Gains Tax,52
Westmeath,2022,Income Taxes,1339.3400000000001
Westmeath,2022,Total,1595.18
Wexford,2022,VAT,203.03
Wexford,2022,Corporation Tax,135.27
Wexford,2022,Capital Gains Tax,19.89
Wexford,2022,Income Taxes,330.71000000000004
Wexford,2022,Total,688.9000000000001
Wicklow,2022,VAT,243.7
Wicklow,2022,Corporation Tax,72.16
Wicklow,2022,Capital Gains Tax,64.99
Wicklow,2022,Income Taxes,366.67
Wicklow,2022,Total,747.52
Other / Foreign,2022,VAT,1191.7
Other / Foreign,2022,Corporation Tax,114.39
Other / Foreign,2022,Capital Gains Tax,89.18
Other / Foreign,2022,Income Taxes,446.34000000000003
Other / Foreign,2022,Total,1841.6100000000001
Carlow,2021,VAT,73.81
Carlow,2021,Corporation Tax,30.79
Carlow,2021,Capital Gains Tax,8.52
Carlow,2021,Income Taxes,145.09
Carlow,2021,Total,258.21
Cavan,2021,VAT,91.24
Cavan,2021,Corporation Tax,49.58
Cavan,2021,Capital Gains Tax,10.13
Cavan,2021,Income Taxes,180.29999999999998
Cavan,2021,Total,331.25
Clare,2021,VAT,121.99
Clare,2021,Corporation Tax,372.53
Clare,2021,Capital Gains Tax,19.1
Clare,2021,Income Taxes,366.14000000000004
Clare,2021,Total,879.76
Cork,2021,VAT,1421.09
Cork,2021,Corporation Tax,3695.73
Cork,2021,Capital Gains Tax,206.95
Cork,2021,Income Taxes,2277.48
Cork,2021,Total,7601.25
Donegal,2021,VAT,111.72
Donegal,2021,Corporation Tax,49.75
Donegal,2021,Capital Gains Tax,11.46
Donegal,2021,Income Taxes,224.01
Donegal,2021,Total,396.94
Dublin,2021,VAT,7861.14
Dublin,2021,Corporation Tax,9231.91
Dublin,2021,Capital Gains Tax,759.65
Dublin,2021,Income Taxes,13111.529999999999
Dublin,2021,Total,30964.23
Galway,2021,VAT,279.46
Galway,2021,Corporation Tax,219.04
Galway,2021,Capital Gains Tax,61.41
Galway,2021,Income Taxes,1018.7
Galway,2021,Total,1578.6100000000001
Kerry,2021,VAT,131.57
Kerry,2021,Corporation Tax,54.55
Kerry,2021,Capital Gains Tax,81.46
Kerry,2021,Income Taxes,735.73
Kerry,2021,Total,1003.31
Kildare,2021,VAT,406.6
Kildare,2021,Corporation Tax,131.02
Kildare,2021,Capital Gains Tax,60.23
Kildare,2021,Income Taxes,909.18
Kildare,2021,Total,1507.03
Kilkenny,2021,VAT,99.16
Kilkenny,2021,Corporation Tax,44.29
Kilkenny,2021,Capital Gains Tax,12.53
Kilkenny,2021,Income Taxes,370.33
Kilkenny,2021,Total,526.31
Laois,2021,VAT,82.73
Laois,2021,Corporation Tax,19.86
Laois,2021,Capital Gains Tax,7.54
Laois,2021,Income Taxes,98.92
Laois,2021,Total,209.05
Leitrim,2021,VAT,17.09
Leitrim,2021,Corporation Tax,9.44
Leitrim,2021,Capital Gains Tax,3.29
Leitrim,2021,Income Taxes,182.56
Leitrim,2021,Total,212.38
Limerick,2021,VAT,267.71
Limerick,2021,Corporation Tax,290.2
Limerick,2021,Capital Gains Tax,48.61
Limerick,2021,Income Taxes,767.89
Limerick,2021,Total,1374.4099999999999
Longford,2021,VAT,35.25
Longford,2021,Corporation Tax,16.64
Longford,2021,Capital Gains Tax,2.34
Longford,2021,Income Taxes,77.71
Longford,2021,Total,131.94
Louth,2021,VAT,176.44
Louth,2021,Corporation Tax,101.03
Louth,2021,Capital Gains Tax,48.67
Louth,2021,Income Taxes,308.6
Louth,2021,Total,634.74
Mayo,2021,VAT,121.48
Mayo,2021,Corporation Tax,112.56
Mayo,2021,Capital Gains Tax,16.91
Mayo,2021,Income Taxes,268.71999999999997
Mayo,2021,Total,519.67
Meath,2021,VAT,269.47
Meath,2021,Corporation Tax,193.23
Meath,2021,Capital Gains Tax,53
Meath,2021,Income Taxes,544.83
Meath,2021,Total,1060.53
Monaghan,2021,VAT,79.88
Monaghan,2021,Corporation Tax,48.56
Monaghan,2021,Capital Gains Tax,4.39
Monaghan,2021,Income Taxes,121.8
Monaghan,2021,Total,254.63
Offaly,2021,VAT,65.15
Offaly,2021,Corporation Tax,48.87
Offaly,2021,Capital Gains Tax,10.66
Offaly,2021,Income Taxes,319.40999999999997
Offaly,2021,Total,444.09
Roscommon,2021,VAT,68.79
Roscommon,2021,Corporation Tax,24.52
Roscommon,2021,Capital Gains Tax,7.53
Roscommon,2021,Income Taxes,79.86
Roscommon,2021,Total,180.70000000000002
Sligo,2021,VAT,113.43
Sligo,2021,Corporation Tax,37.62
Sligo,2021,Capital Gains Tax,11.13
Sligo,2021,Income Taxes,149.02
Sligo,2021,Total,311.2
Tipperary,2021,VAT,200.46
Tipperary,2021,Corporation Tax,64.88
Tipperary,2021,Capital Gains Tax,21.06
Tipperary,2021,Income Taxes,274.71
Tipperary,2021,Total,561.11
Waterford,2021,VAT,130.08
Waterford,2021,Corporation Tax,113.12
Waterford,2021,Capital Gains Tax,32.23
Waterford,2021,Income Taxes,313.99
Waterford,2021,Total,589.4200000000001
Westmeath,2021,VAT,100.38
Westmeath,2021,Corporation Tax,66.1
Westmeath,2021,Capital Gains Tax,18.32
Westmeath,2021,Income Taxes,1224.48
Westmeath,2021,Total,1409.28
Wexford,2021,VAT,156.02
Wexford,2021,Corporation Tax,98.71
Wexford,2021,Capital Gains Tax,16.04
Wexford,2021,Income Taxes,268.45
Wexford,2021,Total,539.22
Wicklow,2021,VAT,174.16
Wicklow,2021,Corporation Tax,99.98
Wicklow,2021,Capital Gains Tax,43.21
Wicklow,2021,Income Taxes,319.7
Wicklow,2021,Total,637.05
Other / Foreign,2021,VAT,1034.69
Other / Foreign,2021,Corporation Tax,98.48
Other / Foreign,2021,Capital Gains Tax,68.61
Other / Foreign,2021,Income Taxes,393.88
Other / Foreign,2021,Total,1595.66
Carlow,2020,VAT,61.11
Carlow,2020,Corporation Tax,25.79
Carlow,2020,Capital Gains Tax,7.37
Carlow,2020,Income Taxes,119.62
Carlow,2020,Total,213.89000000000001
Cavan,2020,VAT,70.33
Cavan,2020,Corporation Tax,45.5
Cavan,2020,Capital Gains Tax,2.38
Cavan,2020,Income Taxes,146.37
Cavan,2020,Total,264.58
Clare,2020,VAT,100.51
Clare,2020,Corporation Tax,111.87
Clare,2020,Capital Gains Tax,7.99
Clare,2020,Income Taxes,325.53999999999996
Clare,2020,Total,545.91
Cork,2020,VAT,954.02
Cork,2020,Corporation Tax,2760.98
Cork,2020,Capital Gains Tax,107.74
Cork,2020,Income Taxes,1967.24
Cork,2020,Total,5789.98
Donegal,2020,VAT,95.66
Donegal,2020,Corporation Tax,50.71
Donegal,2020,Capital Gains Tax,12.39
Donegal,2020,Income Taxes,184.99
Donegal,2020,Total,343.75
Dublin,2020,VAT,6377.62
Dublin,2020,Corporation Tax,7328.01
Dublin,2020,Capital Gains Tax,484.07
Dublin,2020,Income Taxes,11119.39
Dublin,2020,Total,25309.09
Galway,2020,VAT,248.26
Galway,2020,Corporation Tax,227.84
Galway,2020,Capital Gains Tax,35.71
Galway,2020,Income Taxes,864.28
Galway,2020,Total,1376.09
Kerry,2020,VAT,102.5
Kerry,2020,Corporation Tax,32.84
Kerry,2020,Capital Gains Tax,31.25
Kerry,2020,Income Taxes,631.3000000000001
Kerry,2020,Total,797.8900000000001
Kildare,2020,VAT,330.08
Kildare,2020,Corporation Tax,203.83
Kildare,2020,Capital Gains Tax,37.69
Kildare,2020,Income Taxes,782.75
Kildare,2020,Total,1354.35
Kilkenny,2020,VAT,82.96
Kilkenny,2020,Corporation Tax,36.15
Kilkenny,2020,Capital Gains Tax,6.19
Kilkenny,2020,Income Taxes,310.46000000000004
Kilkenny,2020,Total,435.76000000000005
Laois,2020,VAT,63.27
Laois,2020,Corporation Tax,16.15
Laois,2020,Capital Gains Tax,8.39
Laois,2020,Income Taxes,78.61
Laois,2020,Total,166.42000000000002
Leitrim,2020,VAT,14.22
Leitrim,2020,Corporation Tax,8.44
Leitrim,2020,Capital Gains Tax,0.95
Leitrim,2020,Income Taxes,156.87
Leitrim,2020,Total,180.48000000000002
Limerick,2020,VAT,183.58
Limerick,2020,Corporation Tax,190.49
Limerick,2020,Capital Gains Tax,32.21
Limerick,2020,Income Taxes,648.63
Limerick,2020,Total,1054.91
Longford,2020,VAT,25.69
Longford,2020,Corporation Tax,10.21
Longford,2020,Capital Gains Tax,2.71
Longford,2020,Income Taxes,61.129999999999995
Longford,2020,Total,99.74
Louth,2020,VAT,145.85
Louth,2020,Corporation Tax,46.9
Louth,2020,Capital Gains Tax,11.57
Louth,2020,Income Taxes,257.83000000000004
Louth,2020,Total,462.15000000000003
Mayo,2020,VAT,96.04
Mayo,2020,Corporation Tax,122.3
Mayo,2020,Capital Gains Tax,8.37
Mayo,2020,Income Taxes,221.12
Mayo,2020,Total,447.83
Meath,2020,VAT,225.85
Meath,2020,Corporation Tax,133.64
Meath,2020,Capital Gains Tax,33.15
Meath,2020,Income Taxes,458.52
Meath,2020,Total,851.16
Monaghan,2020,VAT,63.14
Monaghan,2020,Corporation Tax,33.06
Monaghan,2020,Capital Gains Tax,4.74
Monaghan,2020,Income Taxes,94.67
Monaghan,2020,Total,195.61
Offaly,2020,VAT,56.63
Offaly,2020,Corporation Tax,31.35
Offaly,2020,Capital Gains Tax,5.61
Offaly,2020,Income Taxes,278.88
Offaly,2020,Total,372.47
Roscommon,2020,VAT,52.57
Roscommon,2020,Corporation Tax,13.54
Roscommon,2020,Capital Gains Tax,2.63
Roscommon,2020,Income Taxes,64.17
Roscommon,2020,Total,132.91
Sligo,2020,VAT,41.48
Sligo,2020,Corporation Tax,27.99
Sligo,2020,Capital Gains Tax,4.44
Sligo,2020,Income Taxes,126.71
Sligo,2020,Total,200.61999999999998
Tipperary,2020,VAT,147.21
Tipperary,2020,Corporation Tax,42.8
Tipperary,2020,Capital Gains Tax,10.51
Tipperary,2020,Income Taxes,227.33
Tipperary,2020,Total,427.85
Waterford,2020,VAT,106.96
Waterford,2020,Corporation Tax,88.67
Waterford,2020,Capital Gains Tax,10.68
Waterford,2020,Income Taxes,257.09
Waterford,2020,Total,463.4
Westmeath,2020,VAT,79.08
Westmeath,2020,Corporation Tax,40.96
Westmeath,2020,Capital Gains Tax,13.54
Westmeath,2020,Income Taxes,1062.28
Westmeath,2020,Total,1195.86
Wexford,2020,VAT,121.34
Wexford,2020,Corporation Tax,76.23
Wexford,2020,Capital Gains Tax,10.76
Wexford,2020,Income Taxes,223.85000000000002
Wexford,2020,Total,432.18
Wicklow,2020,VAT,141.66
Wicklow,2020,Corporation Tax,45.75
Wicklow,2020,Capital Gains Tax,34.74
Wicklow,2020,Income Taxes,258.98
Wicklow,2020,Total,481.13
Other / Foreign,2020,VAT,684.37
Other / Foreign,2020,Corporation Tax,81
Other / Foreign,2020,Capital Gains Tax,22.22
Other / Foreign,2020,Income Taxes,307.43
Other / Foreign,2020,Total,1095.02
Carlow,2019,VAT,73.4
Carlow,2019,Corporation Tax,20.66
Carlow,2019,Capital Gains Tax,5.76
Carlow,2019,Income Taxes,128.49
Carlow,2019,Total,228.31
Cavan,2019,VAT,89.19
Cavan,2019,Corporation Tax,37.39
Cavan,2019,Capital Gains Tax,20.78
Cavan,2019,Income Taxes,159.88
Cavan,2019,Total,307.24
Clare,2019,VAT,135.12
Clare,2019,Corporation Tax,357
Clare,2019,Capital Gains Tax,15.12
Clare,2019,Income Taxes,358.53000000000003
Clare,2019,Total,865.77
Cork,2019,VAT,1156.86
Cork,2019,Corporation Tax,2274.01
Cork,2019,Capital Gains Tax,83.65
Cork,2019,Income Taxes,1955.1999999999998
Cork,2019,Total,5469.72
Donegal,2019,VAT,122.29
Donegal,2019,Corporation Tax,50.27
Donegal,2019,Capital Gains Tax,15.31
Donegal,2019,Income Taxes,209.68
Donegal,2019,Total,397.55
Dublin,2019,VAT,7928.75
Dublin,2019,Corporation Tax,6694.55
Dublin,2019,Capital Gains Tax,567.51
Dublin,2019,Income Taxes,11208.41
Dublin,2019,Total,26399.22
Galway,2019,VAT,318.27
Galway,2019,Corporation Tax,166.49
Galway,2019,Capital Gains Tax,47.99
Galway,2019,Income Taxes,906.63
Galway,2019,Total,1439.3799999999999
Kerry,2019,VAT,151.77
Kerry,2019,Corporation Tax,41.18
Kerry,2019,Capital Gains Tax,43.14
Kerry,2019,Income Taxes,648.39
Kerry,2019,Total,884.48
Kildare,2019,VAT,378
Kildare,2019,Corporation Tax,287.32
Kildare,2019,Capital Gains Tax,45.98
Kildare,2019,Income Taxes,793.89
Kildare,2019,Total,1505.19
Kilkenny,2019,VAT,105.18
Kilkenny,2019,Corporation Tax,39.15
Kilkenny,2019,Capital Gains Tax,11.47
Kilkenny,2019,Income Taxes,316.47
Kilkenny,2019,Total,472.27000000000004
Laois,2019,VAT,72.32
Laois,2019,Corporation Tax,15.25
Laois,2019,Capital Gains Tax,6.42
Laois,2019,Income Taxes,87.38
Laois,2019,Total,181.36999999999998
Leitrim,2019,VAT,17.6
Leitrim,2019,Corporation Tax,8.75
Leitrim,2019,Capital Gains Tax,0.89
Leitrim,2019,Income Taxes,149.91
Leitrim,2019,Total,177.15
Limerick,2019,VAT,233.29
Limerick,2019,Corporation Tax,146.97
Limerick,2019,Capital Gains Tax,18.61
Limerick,2019,Income Taxes,677.66
Limerick,2019,Total,1076.53
Longford,2019,VAT,29.95
Longford,2019,Corporation Tax,10.85
Longford,2019,Capital Gains Tax,2.29
Longford,2019,Income Taxes,66.71
Longford,2019,Total,109.8
Louth,2019,VAT,199.78
Louth,2019,Corporation Tax,40.41
Louth,2019,Capital Gains Tax,5.74
Louth,2019,Income Taxes,265.9
Louth,2019,Total,511.83
Mayo,2019,VAT,122.48
Mayo,2019,Corporation Tax,54.23
Mayo,2019,Capital Gains Tax,8.01
Mayo,2019,Income Taxes,233.84
Mayo,2019,Total,418.56
Meath,2019,VAT,269.09
Meath,2019,Corporation Tax,110.09
Meath,2019,Capital Gains Tax,38.99
Meath,2019,Income Taxes,493.23
Meath,2019,Total,911.4
Monaghan,2019,VAT,76.62
Monaghan,2019,Corporation Tax,30.34
Monaghan,2019,Capital Gains Tax,4.9
Monaghan,2019,Income Taxes,106.87
Monaghan,2019,Total,218.73000000000002
Offaly,2019,VAT,66.46
Offaly,2019,Corporation Tax,26.14
Offaly,2019,Capital Gains Tax,4.84
Offaly,2019,Income Taxes,280.75
Offaly,2019,Total,378.19
Roscommon,2019,VAT,63.73
Roscommon,2019,Corporation Tax,11.24
Roscommon,2019,Capital Gains Tax,3.43
Roscommon,2019,Income Taxes,68.71
Roscommon,2019,Total,147.10999999999999
Sligo,2019,VAT,51.92
Sligo,2019,Corporation Tax,16.4
Sligo,2019,Capital Gains Tax,5.67
Sligo,2019,Income Taxes,133.23
Sligo,2019,Total,207.22
Tipperary,2019,VAT,175.65
Tipperary,2019,Corporation Tax,39.27
Tipperary,2019,Capital Gains Tax,11.52
Tipperary,2019,Income Taxes,249.41
Tipperary,2019,Total,475.85
Waterford,2019,VAT,121.97
Waterford,2019,Corporation Tax,83.87
Waterford,2019,Capital Gains Tax,11.96
Waterford,2019,Income Taxes,277.23
Waterford,2019,Total,495.03000000000003
Westmeath,2019,VAT,94.22
Westmeath,2019,Corporation Tax,36.02
Westmeath,2019,Capital Gains Tax,16.23
Westmeath,2019,Income Taxes,959.78
Westmeath,2019,Total,1106.25
Wexford,2019,VAT,152.76
Wexford,2019,Corporation Tax,70.2
Wexford,2019,Capital Gains Tax,11.53
Wexford,2019,Income Taxes,257.77
Wexford,2019,Total,492.26
Wicklow,2019,VAT,185.02
Wicklow,2019,Corporation Tax,38.04
Wicklow,2019,Capital Gains Tax,35.41
Wicklow,2019,Income Taxes,285.96
Wicklow,2019,Total,544.43
Other / Foreign,2019,VAT,802.32
Other / Foreign,2019,Corporation Tax,180.89
Other / Foreign,2019,Capital Gains Tax,32.85
Other / Foreign,2019,Income Taxes,308.12
Other / Foreign,2019,Total,1324.18
Carlow,2018,VAT,65.68
Carlow,2018,Corporation Tax,18.44
Carlow,2018,Capital Gains Tax,10.18
Carlow,2018,Income Taxes,117.86
Carlow,2018,Total,212.16
Cavan,2018,VAT,84.01
Cavan,2018,Corporation Tax,37.34
Cavan,2018,Capital Gains Tax,17.94
Cavan,2018,Income Taxes,152.75
Cavan,2018,Total,292.04
Clare,2018,VAT,124.38
Clare,2018,Corporation Tax,125.69
Clare,2018,Capital Gains Tax,11.21
Clare,2018,Income Taxes,332.91999999999996
Clare,2018,Total,594.1999999999999
Cork,2018,VAT,1079.03
Cork,2018,Corporation Tax,2147.48
Cork,2018,Capital Gains Tax,71.27
Cork,2018,Income Taxes,1810.01
Cork,2018,Total,5107.79
Donegal,2018,VAT,116.28
Donegal,2018,Corporation Tax,40.4
Donegal,2018,Capital Gains Tax,16.82
Donegal,2018,Income Taxes,189.93
Donegal,2018,Total,363.43
Dublin,2018,VAT,7491.28
Dublin,2018,Corporation Tax,6547.76
Dublin,2018,Capital Gains Tax,475.87
Dublin,2018,Income Taxes,10282.48
Dublin,2018,Total,24797.39
Galway,2018,VAT,304.99
Galway,2018,Corporation Tax,154.95
Galway,2018,Capital Gains Tax,45.63
Galway,2018,Income Taxes,832.7800000000001
Galway,2018,Total,1338.3500000000001
Kerry,2018,VAT,156.52
Kerry,2018,Corporation Tax,33.11
Kerry,2018,Capital Gains Tax,43.87
Kerry,2018,Income Taxes,617.4
Kerry,2018,Total,850.9
Kildare,2018,VAT,368.57
Kildare,2018,Corporation Tax,248.78
Kildare,2018,Capital Gains Tax,42.39
Kildare,2018,Income Taxes,743.01
Kildare,2018,Total,1402.75
Kilkenny,2018,VAT,91.94
Kilkenny,2018,Corporation Tax,39.07
Kilkenny,2018,Capital Gains Tax,12.52
Kilkenny,2018,Income Taxes,289.99
Kilkenny,2018,Total,433.52
Laois,2018,VAT,71.61
Laois,2018,Corporation Tax,13.78
Laois,2018,Capital Gains Tax,6.07
Laois,2018,Income Taxes,80.72999999999999
Laois,2018,Total,172.19
Leitrim,2018,VAT,16.3
Leitrim,2018,Corporation Tax,9.86
Leitrim,2018,Capital Gains Tax,0.94
Leitrim,2018,Income Taxes,137.37
Leitrim,2018,Total,164.47
Limerick,2018,VAT,228.09
Limerick,2018,Corporation Tax,139.67
Limerick,2018,Capital Gains Tax,17.63
Limerick,2018,Income Taxes,621.76
Limerick,2018,Total,1007.15
Longford,2018,VAT,26.32
Longford,2018,Corporation Tax,7.71
Longford,2018,Capital Gains Tax,0.75
Longford,2018,Income Taxes,59.97
Longford,2018,Total,94.75
Louth,2018,VAT,188.55
Louth,2018,Corporation Tax,39.19
Louth,2018,Capital Gains Tax,8.94
Louth,2018,Income Taxes,249.87
Louth,2018,Total,486.55
Mayo,2018,VAT,113.18
Mayo,2018,Corporation Tax,48.72
Mayo,2018,Capital Gains Tax,13.36
Mayo,2018,Income Taxes,215.88
Mayo,2018,Total,391.14
Meath,2018,VAT,258.83
Meath,2018,Corporation Tax,73.45
Meath,2018,Capital Gains Tax,30.41
Meath,2018,Income Taxes,449.23
Meath,2018,Total,811.92
Monaghan,2018,VAT,68.7
Monaghan,2018,Corporation Tax,28.24
Monaghan,2018,Capital Gains Tax,3.04
Monaghan,2018,Income Taxes,97.2
Monaghan,2018,Total,197.18
Offaly,2018,VAT,61.64
Offaly,2018,Corporation Tax,20.8
Offaly,2018,Capital Gains Tax,3.51
Offaly,2018,Income Taxes,248.37
Offaly,2018,Total,334.32
Roscommon,2018,VAT,59.84
Roscommon,2018,Corporation Tax,11
Roscommon,2018,Capital Gains Tax,1.91
Roscommon,2018,Income Taxes,63.510000000000005
Roscommon,2018,Total,136.26000000000002
Sligo,2018,VAT,43.27
Sligo,2018,Corporation Tax,36.78
Sligo,2018,Capital Gains Tax,4.91
Sligo,2018,Income Taxes,123.88000000000001
Sligo,2018,Total,208.84
Tipperary,2018,VAT,160.52
Tipperary,2018,Corporation Tax,50.18
Tipperary,2018,Capital Gains Tax,12.46
Tipperary,2018,Income Taxes,236.60000000000002
Tipperary,2018,Total,459.76000000000005
Waterford,2018,VAT,104.65
Waterford,2018,Corporation Tax,100.91
Waterford,2018,Capital Gains Tax,9.4
Waterford,2018,Income Taxes,253.17
Waterford,2018,Total,468.13
Westmeath,2018,VAT,89.28
Westmeath,2018,Corporation Tax,40.25
Westmeath,2018,Capital Gains Tax,18.85
Westmeath,2018,Income Taxes,967.48
Westmeath,2018,Total,1115.8600000000001
Wexford,2018,VAT,147.85
Wexford,2018,Corporation Tax,68.28
Wexford,2018,Capital Gains Tax,12.5
Wexford,2018,Income Taxes,241.8
Wexford,2018,Total,470.43
Wicklow,2018,VAT,164.16
Wicklow,2018,Corporation Tax,87.39
Wicklow,2018,Capital Gains Tax,32.53
Wicklow,2018,Income Taxes,271.39
Wicklow,2018,Total,555.47
Other / Foreign,2018,VAT,650.24
Other / Foreign,2018,Corporation Tax,217.76
Other / Foreign,2018,Capital Gains Tax,71.09
Other / Foreign,2018,Income Taxes,286.64
Other / Foreign,2018,Total,1225.73
Carlow,2017,VAT,58.94
Carlow,2017,Corporation Tax,15.96
Carlow,2017,Capital Gains Tax,1.89
Carlow,2017,Income Taxes,111.10000000000001
Carlow,2017,Total,187.89000000000001
Cavan,2017,VAT,81.9
Cavan,2017,Corporation Tax,21.2
Cavan,2017,Capital Gains Tax,13.52
Cavan,2017,Income Taxes,142.98000000000002
Cavan,2017,Total,259.6
Clare,2017,VAT,120.22
Clare,2017,Corporation Tax,117.15
Clare,2017,Capital Gains Tax,7.69
Clare,2017,Income Taxes,312.7
Clare,2017,Total,557.76
Cork,2017,VAT,941.07
Cork,2017,Corporation Tax,1672.01
Cork,2017,Capital Gains Tax,62.22
Cork,2017,Income Taxes,1672.06
Cork,2017,Total,4347.36
Donegal,2017,VAT,115.63
Donegal,2017,Corporation Tax,33.36
Donegal,2017,Capital Gains Tax,8.8
Donegal,2017,Income Taxes,178
Donegal,2017,Total,335.79
Dublin,2017,VAT,7037.14
Dublin,2017,Corporation Tax,5049.87
Dublin,2017,Capital Gains Tax,359.57
Dublin,2017,Income Taxes,9567.449999999999
Dublin,2017,Total,22014.03
Galway,2017,VAT,292.82
Galway,2017,Corporation Tax,135.44
Galway,2017,Capital Gains Tax,50.09
Galway,2017,Income Taxes,780.0799999999999
Galway,2017,Total,1258.4299999999998
Kerry,2017,VAT,131.48
Kerry,2017,Corporation Tax,29.95
Kerry,2017,Capital Gains Tax,31.82
Kerry,2017,Income Taxes,587.2800000000001
Kerry,2017,Total,780.5300000000001
Kildare,2017,VAT,341.69
Kildare,2017,Corporation Tax,241.68
Kildare,2017,Capital Gains Tax,30.55
Kildare,2017,Income Taxes,697.58
Kildare,2017,Total,1311.5
Kilkenny,2017,VAT,86.48
Kilkenny,2017,Corporation Tax,27.18
Kilkenny,2017,Capital Gains Tax,14.9
Kilkenny,2017,Income Taxes,277.47
Kilkenny,2017,Total,406.03000000000003
Laois,2017,VAT,63.97
Laois,2017,Corporation Tax,10.05
Laois,2017,Capital Gains Tax,4.03
Laois,2017,Income Taxes,75.49
Laois,2017,Total,153.54
Leitrim,2017,VAT,17.84
Leitrim,2017,Corporation Tax,6.04
Leitrim,2017,Capital Gains Tax,3.18
Leitrim,2017,Income Taxes,129.1
Leitrim,2017,Total,156.16
Limerick,2017,VAT,213.51
Limerick,2017,Corporation Tax,104.78
Limerick,2017,Capital Gains Tax,18.09
Limerick,2017,Income Taxes,558.01
Limerick,2017,Total,894.39
Longford,2017,VAT,22.26
Longford,2017,Corporation Tax,7.02
Longford,2017,Capital Gains Tax,3.5
Longford,2017,Income Taxes,57.019999999999996
Longford,2017,Total,89.8
Louth,2017,VAT,178.34
Louth,2017,Corporation Tax,29.38
Louth,2017,Capital Gains Tax,15.14
Louth,2017,Income Taxes,241.01999999999998
Louth,2017,Total,463.88
Mayo,2017,VAT,108.83
Mayo,2017,Corporation Tax,101.81
Mayo,2017,Capital Gains Tax,7.87
Mayo,2017,Income Taxes,202.77
Mayo,2017,Total,421.28000000000003
Meath,2017,VAT,239.22
Meath,2017,Corporation Tax,120.38
Meath,2017,Capital Gains Tax,22.33
Meath,2017,Income Taxes,420.37
Meath,2017,Total,802.3
Monaghan,2017,VAT,67.78
Monaghan,2017,Corporation Tax,21.6
Monaghan,2017,Capital Gains Tax,3.64
Monaghan,2017,Income Taxes,92.49000000000001
Monaghan,2017,Total,185.51000000000002
Offaly,2017,VAT,56.41
Offaly,2017,Corporation Tax,18.61
Offaly,2017,Capital Gains Tax,4.81
Offaly,2017,Income Taxes,239.33
Offaly,2017,Total,319.16
Roscommon,2017,VAT,55.73
Roscommon,2017,Corporation Tax,8.14
Roscommon,2017,Capital Gains Tax,13.01
Roscommon,2017,Income Taxes,61.34
Roscommon,2017,Total,138.22
Sligo,2017,VAT,41.29
Sligo,2017,Corporation Tax,16.91
Sligo,2017,Capital Gains Tax,10.25
Sligo,2017,Income Taxes,112.82
Sligo,2017,Total,181.26999999999998
Tipperary,2017,VAT,148.61
Tipperary,2017,Corporation Tax,33.32
Tipperary,2017,Capital Gains Tax,13.13
Tipperary,2017,Income Taxes,222.94
Tipperary,2017,Total,418
Waterford,2017,VAT,99.51
Waterford,2017,Corporation Tax,81.97
Waterford,2017,Capital Gains Tax,8.94
Waterford,2017,Income Taxes,245.07999999999998
Waterford,2017,Total,435.5
Westmeath,2017,VAT,82.44
Westmeath,2017,Corporation Tax,33.53
Westmeath,2017,Capital Gains Tax,28.48
Westmeath,2017,Income Taxes,890.0600000000001
Westmeath,2017,Total,1034.51
Wexford,2017,VAT,136.39
Wexford,2017,Corporation Tax,58.65
Wexford,2017,Capital Gains Tax,11.12
Wexford,2017,Income Taxes,227.34
Wexford,2017,Total,433.5
Wicklow,2017,VAT,152.04
Wicklow,2017,Corporation Tax,74.71
Wicklow,2017,Capital Gains Tax,38.35
Wicklow,2017,Income Taxes,283.29
Wicklow,2017,Total,548.39
Other / Foreign,2017,VAT,653.46
Other / Foreign,2017,Corporation Tax,130.32
Other / Foreign,2017,Capital Gains Tax,39.09
Other / Foreign,2017,Income Taxes,253.87
Other / Foreign,2017,Total,1076.74
Carlow,2016,VAT,56.51
Carlow,2016,Corporation Tax,10.07
Carlow,2016,Capital Gains Tax,1.56
Carlow,2016,Income Taxes,106.99000000000001
Carlow,2016,Total,175.13
Cavan,2016,VAT,74.29
Cavan,2016,Corporation Tax,25.06
Cavan,2016,Capital Gains Tax,2.48
Cavan,2016,Income Taxes,136.73
Cavan,2016,Total,238.56
Clare,2016,VAT,118.57
Clare,2016,Corporation Tax,120.75
Clare,2016,Capital Gains Tax,10.96
Clare,2016,Income Taxes,299.96
Clare,2016,Total,550.24
Cork,2016,VAT,913.46
Cork,2016,Corporation Tax,1503.22
Cork,2016,Capital Gains Tax,59.98
Cork,2016,Income Taxes,1596.3600000000001
Cork,2016,Total,4073.02
Donegal,2016,VAT,102.46
Donegal,2016,Corporation Tax,31.49
Donegal,2016,Capital Gains Tax,4.85
Donegal,2016,Income Taxes,165.12
Donegal,2016,Total,303.92
Dublin,2016,VAT,6605.75
Dublin,2016,Corporation Tax,4638.67
Dublin,2016,Capital Gains Tax,381.45
Dublin,2016,Income Taxes,9175.970000000001
Dublin,2016,Total,20801.84
Galway,2016,VAT,257.17
Galway,2016,Corporation Tax,142.33
Galway,2016,Capital Gains Tax,37.78
Galway,2016,Income Taxes,726.12
Galway,2016,Total,1163.4
Kerry,2016,VAT,123.6
Kerry,2016,Corporation Tax,25.41
Kerry,2016,Capital Gains Tax,26
Kerry,2016,Income Taxes,545.01
Kerry,2016,Total,720.02
Kildare,2016,VAT,339.2
Kildare,2016,Corporation Tax,83.23
Kildare,2016,Capital Gains Tax,71.33
Kildare,2016,Income Taxes,665.32
Kildare,2016,Total,1159.08
Kilkenny,2016,VAT,87.24
Kilkenny,2016,Corporation Tax,36.06
Kilkenny,2016,Capital Gains Tax,14.39
Kilkenny,2016,Income Taxes,254.44
Kilkenny,2016,Total,392.13
Laois,2016,VAT,58.48
Laois,2016,Corporation Tax,10.63
Laois,2016,Capital Gains Tax,4.95
Laois,2016,Income Taxes,70.17
Laois,2016,Total,144.23
Leitrim,2016,VAT,16.27
Leitrim,2016,Corporation Tax,4.48
Leitrim,2016,Capital Gains Tax,0.84
Leitrim,2016,Income Taxes,121.36
Leitrim,2016,Total,142.95
Limerick,2016,VAT,196.4
Limerick,2016,Corporation Tax,94.81
Limerick,2016,Capital Gains Tax,20.12
Limerick,2016,Income Taxes,528.02
Limerick,2016,Total,839.35
Longford,2016,VAT,21.52
Longford,2016,Corporation Tax,8.55
Longford,2016,Capital Gains Tax,5.88
Longford,2016,Income Taxes,51.19
Longford,2016,Total,87.14
Louth,2016,VAT,157.23
Louth,2016,Corporation Tax,25.52
Louth,2016,Capital Gains Tax,5.94
Louth,2016,Income Taxes,221
Louth,2016,Total,409.69
Mayo,2016,VAT,113.2
Mayo,2016,Corporation Tax,65.42
Mayo,2016,Capital Gains Tax,5.43
Mayo,2016,Income Taxes,194.3
Mayo,2016,Total,378.35
Meath,2016,VAT,216.52
Meath,2016,Corporation Tax,67.38
Meath,2016,Capital Gains Tax,16.98
Meath,2016,Income Taxes,500.4
Meath,2016,Total,801.28
Monaghan,2016,VAT,62.39
Monaghan,2016,Corporation Tax,19.46
Monaghan,2016,Capital Gains Tax,2.32
Monaghan,2016,Income Taxes,88.19
Monaghan,2016,Total,172.35999999999999
Offaly,2016,VAT,72.03
Offaly,2016,Corporation Tax,14.97
Offaly,2016,Capital Gains Tax,6.11
Offaly,2016,Income Taxes,252.55
Offaly,2016,Total,345.66
Roscommon,2016,VAT,55.95
Roscommon,2016,Corporation Tax,7.15
Roscommon,2016,Capital Gains Tax,3.48
Roscommon,2016,Income Taxes,59.32
Roscommon,2016,Total,125.9
Sligo,2016,VAT,38.52
Sligo,2016,Corporation Tax,24.01
Sligo,2016,Capital Gains Tax,2.97
Sligo,2016,Income Taxes,113.59
Sligo,2016,Total,179.09
Tipperary,2016,VAT,146.08
Tipperary,2016,Corporation Tax,27.74
Tipperary,2016,Capital Gains Tax,11.71
Tipperary,2016,Income Taxes,212.02
Tipperary,2016,Total,397.55
Waterford,2016,VAT,93.85
Waterford,2016,Corporation Tax,84.49
Waterford,2016,Capital Gains Tax,8.29
Waterford,2016,Income Taxes,232.31
Waterford,2016,Total,418.94
Westmeath,2016,VAT,77.33
Westmeath,2016,Corporation Tax,33.65
Westmeath,2016,Capital Gains Tax,11.62
Westmeath,2016,Income Taxes,826.64
Westmeath,2016,Total,949.24
Wexford,2016,VAT,130.54
Wexford,2016,Corporation Tax,56.87
Wexford,2016,Capital Gains Tax,11.04
Wexford,2016,Income Taxes,210.75
Wexford,2016,Total,409.2
Wicklow,2016,VAT,147.41
Wicklow,2016,Corporation Tax,135.46
Wicklow,2016,Capital Gains Tax,35.78
Wicklow,2016,Income Taxes,285.26
Wicklow,2016,Total,603.91
Other / Foreign,2016,VAT,612.03
Other / Foreign,2016,Corporation Tax,55.08
Other / Foreign,2016,Capital Gains Tax,54.77
Other / Foreign,2016,Income Taxes,228.85
Other / Foreign,2016,Total,950.73
Carlow,2015,VAT,52.68
Carlow,2015,Corporation Tax,8.64
Carlow,2015,Capital Gains Tax,1.52
Carlow,2015,Income Taxes,103.89
Carlow,2015,Total,166.73
Cavan,2015,VAT,68.05
Cavan,2015,Corporation Tax,16.36
Cavan,2015,Capital Gains Tax,2.2
Cavan,2015,Income Taxes,131.17000000000002
Cavan,2015,Total,217.78
Clare,2015,VAT,91.49
Clare,2015,Corporation Tax,221.31
Clare,2015,Capital Gains Tax,6.1
Clare,2015,Income Taxes,267.87
Clare,2015,Total,586.77
Cork,2015,VAT,888.77
Cork,2015,Corporation Tax,1671.69
Cork,2015,Capital Gains Tax,66.86
Cork,2015,Income Taxes,1498.8000000000002
Cork,2015,Total,4126.12
Donegal,2015,VAT,96.08
Donegal,2015,Corporation Tax,33.02
Donegal,2015,Capital Gains Tax,3.59
Donegal,2015,Income Taxes,156.22
Donegal,2015,Total,288.91
Dublin,2015,VAT,6241.46
Dublin,2015,Corporation Tax,3893.77
Dublin,2015,Capital Gains Tax,335
Dublin,2015,Income Taxes,8388.16
Dublin,2015,Total,18858.39
Galway,2015,VAT,241.52
Galway,2015,Corporation Tax,110.97
Galway,2015,Capital Gains Tax,34.44
Galway,2015,Income Taxes,726.07
Galway,2015,Total,1113
Kerry,2015,VAT,120.52
Kerry,2015,Corporation Tax,23
Kerry,2015,Capital Gains Tax,28.28
Kerry,2015,Income Taxes,527.4499999999999
Kerry,2015,Total,699.2499999999999
Kildare,2015,VAT,329.33
Kildare,2015,Corporation Tax,99.5
Kildare,2015,Capital Gains Tax,20.51
Kildare,2015,Income Taxes,637.85
Kildare,2015,Total,1087.19
Kilkenny,2015,VAT,78.03
Kilkenny,2015,Corporation Tax,21.22
Kilkenny,2015,Capital Gains Tax,7.77
Kilkenny,2015,Income Taxes,240.32
Kilkenny,2015,Total,347.34
Laois,2015,VAT,55.17
Laois,2015,Corporation Tax,5.7
Laois,2015,Capital Gains Tax,3.69
Laois,2015,Income Taxes,62.51
Laois,2015,Total,127.07
Leitrim,2015,VAT,15.48
Leitrim,2015,Corporation Tax,4.32
Leitrim,2015,Capital Gains Tax,0.58
Leitrim,2015,Income Taxes,114.96
Leitrim,2015,Total,135.34
Limerick,2015,VAT,193.97
Limerick,2015,Corporation Tax,140.11
Limerick,2015,Capital Gains Tax,13.48
Limerick,2015,Income Taxes,500.69
Limerick,2015,Total,848.25
Longford,2015,VAT,20.78
Longford,2015,Corporation Tax,5.33
Longford,2015,Capital Gains Tax,1.47
Longford,2015,Income Taxes,47.35
Longford,2015,Total,74.93
Louth,2015,VAT,149.59
Louth,2015,Corporation Tax,23.34
Louth,2015,Capital Gains Tax,6.34
Louth,2015,Income Taxes,209.38
Louth,2015,Total,388.65
Mayo,2015,VAT,116.91
Mayo,2015,Corporation Tax,67.46
Mayo,2015,Capital Gains Tax,8.37
Mayo,2015,Income Taxes,189.96
Mayo,2015,Total,382.7
Meath,2015,VAT,202.2
Meath,2015,Corporation Tax,63.64
Meath,2015,Capital Gains Tax,23
Meath,2015,Income Taxes,360.21
Meath,2015,Total,649.05
Monaghan,2015,VAT,55.4
Monaghan,2015,Corporation Tax,19.4
Monaghan,2015,Capital Gains Tax,1.35
Monaghan,2015,Income Taxes,81.31
Monaghan,2015,Total,157.46
Offaly,2015,VAT,57.4
Offaly,2015,Corporation Tax,10.33
Offaly,2015,Capital Gains Tax,2.03
Offaly,2015,Income Taxes,234.7
Offaly,2015,Total,304.46
Other / Foreign,2015,VAT,610.29
Other / Foreign,2015,Corporation Tax,58.13
Other / Foreign,2015,Capital Gains Tax,38.98
Other / Foreign,2015,Income Taxes,207.19
Other / Foreign,2015,Total,914.5899999999999
Roscommon,2015,VAT,52.19
Roscommon,2015,Corporation Tax,6.04
Roscommon,2015,Capital Gains Tax,1.42
Roscommon,2015,Income Taxes,54.44
Roscommon,2015,Total,114.08999999999999
Sligo,2015,VAT,40.46
Sligo,2015,Corporation Tax,37.84
Sligo,2015,Capital Gains Tax,3.39
Sligo,2015,Income Taxes,104.58
Sligo,2015,Total,186.27
Tipperary,2015,VAT,138.96
Tipperary,2015,Corporation Tax,34.04
Tipperary,2015,Capital Gains Tax,9.97
Tipperary,2015,Income Taxes,202.92000000000002
Tipperary,2015,Total,385.89000000000004
Waterford,2015,VAT,91.29
Waterford,2015,Corporation Tax,28.88
Waterford,2015,Capital Gains Tax,9.13
Waterford,2015,Income Taxes,221.63
Waterford,2015,Total,350.93
Westmeath,2015,VAT,71.96
Westmeath,2015,Corporation Tax,27.7
Westmeath,2015,Capital Gains Tax,12.93
Westmeath,2015,Income Taxes,829.06
Westmeath,2015,Total,941.65
Wexford,2015,VAT,123.34
Wexford,2015,Corporation Tax,46.04
Wexford,2015,Capital Gains Tax,7.77
Wexford,2015,Income Taxes,194.95
Wexford,2015,Total,372.09999999999997
Wicklow,2015,VAT,157.68
Wicklow,2015,Corporation Tax,195.22
Wicklow,2015,Capital Gains Tax,41.83
Wicklow,2015,Income Taxes,264.39
Wicklow,2015,Total,659.12
Carlow,2014,VAT,46.71
Carlow,2014,Corporation Tax,6.93
Carlow,2014,Capital Gains Tax,1.4
Carlow,2014,Income Taxes,99.69
Carlow,2014,Total,154.73
Cavan,2014,VAT,63.29
Cavan,2014,Corporation Tax,11.92
Cavan,2014,Capital Gains Tax,1.41
Cavan,2014,Income Taxes,121.87
Cavan,2014,Total,198.49
Clare,2014,VAT,86.5
Clare,2014,Corporation Tax,80.61
Clare,2014,Capital Gains Tax,5.09
Clare,2014,Income Taxes,264.24
Clare,2014,Total,436.44
Cork,2014,VAT,872.24
Cork,2014,Corporation Tax,764.52
Cork,2014,Capital Gains Tax,32.22
Cork,2014,Income Taxes,1407.75
Cork,2014,Total,3076.73
Donegal,2014,VAT,87.72
Donegal,2014,Corporation Tax,21.71
Donegal,2014,Capital Gains Tax,7.63
Donegal,2014,Income Taxes,148.86
Donegal,2014,Total,265.92
Dublin,2014,VAT,5796.08
Dublin,2014,Corporation Tax,3006.13
Dublin,2014,Capital Gains Tax,242.51
Dublin,2014,Income Taxes,8043.28
Dublin,2014,Total,17088
Galway,2014,VAT,226.13
Galway,2014,Corporation Tax,80.44
Galway,2014,Capital Gains Tax,40.12
Galway,2014,Income Taxes,658.37
Galway,2014,Total,1005.06
Kerry,2014,VAT,109.27
Kerry,2014,Corporation Tax,17.28
Kerry,2014,Capital Gains Tax,22.88
Kerry,2014,Income Taxes,523.44
Kerry,2014,Total,672.87
Kildare,2014,VAT,344.98
Kildare,2014,Corporation Tax,81.44
Kildare,2014,Capital Gains Tax,12.32
Kildare,2014,Income Taxes,499.70000000000005
Kildare,2014,Total,938.44
Kilkenny,2014,VAT,70.3
Kilkenny,2014,Corporation Tax,15.46
Kilkenny,2014,Capital Gains Tax,3.89
Kilkenny,2014,Income Taxes,230.51
Kilkenny,2014,Total,320.15999999999997
Laois,2014,VAT,47.6
Laois,2014,Corporation Tax,3.99
Laois,2014,Capital Gains Tax,3.67
Laois,2014,Income Taxes,59.53
Laois,2014,Total,114.79
Leitrim,2014,VAT,14.69
Leitrim,2014,Corporation Tax,3.88
Leitrim,2014,Capital Gains Tax,0.4
Leitrim,2014,Income Taxes,111.8
Leitrim,2014,Total,130.77
Limerick,2014,VAT,185.47
Limerick,2014,Corporation Tax,69.15
Limerick,2014,Capital Gains Tax,33.82
Limerick,2014,Income Taxes,474.22
Limerick,2014,Total,762.6600000000001
Longford,2014,VAT,19.81
Longford,2014,Corporation Tax,2.6
Longford,2014,Capital Gains Tax,0.86
Longford,2014,Income Taxes,42.81
Longford,2014,Total,66.08
Louth,2014,VAT,144.38
Louth,2014,Corporation Tax,21.72
Louth,2014,Capital Gains Tax,7.13
Louth,2014,Income Taxes,202.65
Louth,2014,Total,375.88
Mayo,2014,VAT,111.87
Mayo,2014,Corporation Tax,50.85
Mayo,2014,Capital Gains Tax,4.14
Mayo,2014,Income Taxes,181.67
Mayo,2014,Total,348.53
Meath,2014,VAT,182.34
Meath,2014,Corporation Tax,66.53
Meath,2014,Capital Gains Tax,11.66
Meath,2014,Income Taxes,342.61
Meath,2014,Total,603.14
Monaghan,2014,VAT,51.26
Monaghan,2014,Corporation Tax,17.51
Monaghan,2014,Capital Gains Tax,1.65
Monaghan,2014,Income Taxes,76.63
Monaghan,2014,Total,147.04999999999998
Offaly,2014,VAT,60.1
Offaly,2014,Corporation Tax,12.06
Offaly,2014,Capital Gains Tax,4.4
Offaly,2014,Income Taxes,239.65
Offaly,2014,Total,316.21000000000004
Other / Foreign,2014,VAT,519.35
Other / Foreign,2014,Corporation Tax,50.88
Other / Foreign,2014,Capital Gains Tax,51.99
Other / Foreign,2014,Income Taxes,210.19
Other / Foreign,2014,Total,832.4100000000001
Roscommon,2014,VAT,46.59
Roscommon,2014,Corporation Tax,4.35
Roscommon,2014,Capital Gains Tax,2.89
Roscommon,2014,Income Taxes,54.43000000000001
Roscommon,2014,Total,108.26
Sligo,2014,VAT,37.81
Sligo,2014,Corporation Tax,18.45
Sligo,2014,Capital Gains Tax,2.27
Sligo,2014,Income Taxes,102.89
Sligo,2014,Total,161.42000000000002
Tipperary,2014,VAT,135.43
Tipperary,2014,Corporation Tax,28.56
Tipperary,2014,Capital Gains Tax,7.92
Tipperary,2014,Income Taxes,202.27
Tipperary,2014,Total,374.18
Waterford,2014,VAT,86.04
Waterford,2014,Corporation Tax,14.43
Waterford,2014,Capital Gains Tax,5.78
Waterford,2014,Income Taxes,211.26
Waterford,2014,Total,317.51
Westmeath,2014,VAT,65.93
Westmeath,2014,Corporation Tax,21.02
Westmeath,2014,Capital Gains Tax,5.94
Westmeath,2014,Income Taxes,813.1
Westmeath,2014,Total,905.99
Wexford,2014,VAT,110.79
Wexford,2014,Corporation Tax,32.15
Wexford,2014,Capital Gains Tax,6.5
Wexford,2014,Income Taxes,181.8
Wexford,2014,Total,331.24
Wicklow,2014,VAT,156.33
Wicklow,2014,Corporation Tax,112.43
Wicklow,2014,Capital Gains Tax,18.5
Wicklow,2014,Income Taxes,254.76
Wicklow,2014,Total,542.02
Carlow,2013,VAT,44.62
Carlow,2013,Corporation Tax,5.44
Carlow,2013,Capital Gains Tax,2.05
Carlow,2013,Income Taxes,90.82000000000001
Carlow,2013,Total,142.93
Cavan,2013,VAT,61.92
Cavan,2013,Corporation Tax,8.8
Cavan,2013,Capital Gains Tax,1.98
Cavan,2013,Income Taxes,121.86999999999999
Cavan,2013,Total,194.57
Clare,2013,VAT,76.15
Clare,2013,Corporation Tax,83.28
Clare,2013,Capital Gains Tax,3.89
Clare,2013,Income Taxes,232.67
Clare,2013,Total,395.99
Cork,2013,VAT,835.24
Cork,2013,Corporation Tax,694.19
Cork,2013,Capital Gains Tax,31.17
Cork,2013,Income Taxes,1281.12
Cork,2013,Total,2841.72
Donegal,2013,VAT,86.06
Donegal,2013,Corporation Tax,17.66
Donegal,2013,Capital Gains Tax,6.46
Donegal,2013,Income Taxes,127.53
Donegal,2013,Total,237.71
Dublin,2013,VAT,5403.07
Dublin,2013,Corporation Tax,2735.63
Dublin,2013,Capital Gains Tax,147.67
Dublin,2013,Income Taxes,7322.02
Dublin,2013,Total,15608.39
Galway,2013,VAT,211.99
Galway,2013,Corporation Tax,72.49
Galway,2013,Capital Gains Tax,21.99
Galway,2013,Income Taxes,612.29
Galway,2013,Total,918.76
Kerry,2013,VAT,104.46
Kerry,2013,Corporation Tax,24.65
Kerry,2013,Capital Gains Tax,30.41
Kerry,2013,Income Taxes,495.79
Kerry,2013,Total,655.3100000000001
Kildare,2013,VAT,304.31
Kildare,2013,Corporation Tax,74.23
Kildare,2013,Capital Gains Tax,15.71
Kildare,2013,Income Taxes,418.22
Kildare,2013,Total,812.47
Kilkenny,2013,VAT,68.71
Kilkenny,2013,Corporation Tax,21.08
Kilkenny,2013,Capital Gains Tax,3.98
Kilkenny,2013,Income Taxes,223.17
Kilkenny,2013,Total,316.94
Laois,2013,VAT,46.87
Laois,2013,Corporation Tax,4.02
Laois,2013,Capital Gains Tax,3.07
Laois,2013,Income Taxes,51.730000000000004
Laois,2013,Total,105.69
Leitrim,2013,VAT,14.83
Leitrim,2013,Corporation Tax,2.89
Leitrim,2013,Capital Gains Tax,0.64
Leitrim,2013,Income Taxes,107.66000000000001
Leitrim,2013,Total,126.02000000000001
Limerick,2013,VAT,186.88
Limerick,2013,Corporation Tax,95.83
Limerick,2013,Capital Gains Tax,11.67
Limerick,2013,Income Taxes,439.09999999999997
Limerick,2013,Total,733.4799999999999
Longford,2013,VAT,18.75
Longford,2013,Corporation Tax,3.73
Longford,2013,Capital Gains Tax,0.88
Longford,2013,Income Taxes,42
Longford,2013,Total,65.36
Louth,2013,VAT,138.62
Louth,2013,Corporation Tax,20.03
Louth,2013,Capital Gains Tax,4.71
Louth,2013,Income Taxes,192.18
Louth,2013,Total,355.54
Mayo,2013,VAT,107.01
Mayo,2013,Corporation Tax,51.39
Mayo,2013,Capital Gains Tax,2.88
Mayo,2013,Income Taxes,161.70999999999998
Mayo,2013,Total,322.99
Meath,2013,VAT,164.8
Meath,2013,Corporation Tax,56.49
Meath,2013,Capital Gains Tax,9.14
Meath,2013,Income Taxes,324.73
Meath,2013,Total,555.1600000000001
Monaghan,2013,VAT,47.76
Monaghan,2013,Corporation Tax,12.62
Monaghan,2013,Capital Gains Tax,1
Monaghan,2013,Income Taxes,66.04
Monaghan,2013,Total,127.42
Offaly,2013,VAT,48.53
Offaly,2013,Corporation Tax,6.53
Offaly,2013,Capital Gains Tax,8.87
Offaly,2013,Income Taxes,232.1
Offaly,2013,Total,296.03
Other / Foreign,2013,VAT,487.58
Other / Foreign,2013,Corporation Tax,54.22
Other / Foreign,2013,Capital Gains Tax,13.71
Other / Foreign,2013,Income Taxes,193.53
Other / Foreign,2013,Total,749.04
Roscommon,2013,VAT,37.93
Roscommon,2013,Corporation Tax,4.04
Roscommon,2013,Capital Gains Tax,3.6
Roscommon,2013,Income Taxes,47.07
Roscommon,2013,Total,92.64
Sligo,2013,VAT,36.99
Sligo,2013,Corporation Tax,46.95
Sligo,2013,Capital Gains Tax,1.42
Sligo,2013,Income Taxes,115.11
Sligo,2013,Total,200.47
Tipperary,2013,VAT,127.99
Tipperary,2013,Corporation Tax,32.23
Tipperary,2013,Capital Gains Tax,7.57
Tipperary,2013,Income Taxes,182.76999999999998
Tipperary,2013,Total,350.55999999999995
Waterford,2013,VAT,76.63
Waterford,2013,Corporation Tax,26.1
Waterford,2013,Capital Gains Tax,5.65
Waterford,2013,Income Taxes,205.51
Waterford,2013,Total,313.89
Westmeath,2013,VAT,60.73
Westmeath,2013,Corporation Tax,14.78
Westmeath,2013,Capital Gains Tax,4.7
Westmeath,2013,Income Taxes,796.66
Westmeath,2013,Total,876.87
Wexford,2013,VAT,100.98
Wexford,2013,Corporation Tax,30.56
Wexford,2013,Capital Gains Tax,6.45
Wexford,2013,Income Taxes,158.10999999999999
Wexford,2013,Total,296.09999999999997
Wicklow,2013,VAT,151.6
Wicklow,2013,Corporation Tax,70.14
Wicklow,2013,Capital Gains Tax,15.75
Wicklow,2013,Income Taxes,235.45000000000002
Wicklow,2013,Total,472.94
Carlow,2012,VAT,43.67
Carlow,2012,Corporation Tax,5.68
Carlow,2012,Capital Gains Tax,2.48
Carlow,2012,Income Taxes,87.65
Carlow,2012,Total,139.48000000000002
Cavan,2012,VAT,61.05
Cavan,2012,Corporation Tax,12.96
Cavan,2012,Capital Gains Tax,7.41
Cavan,2012,Income Taxes,116.13
Cavan,2012,Total,197.54999999999998
Clare,2012,VAT,76.4
Clare,2012,Corporation Tax,107.03
Clare,2012,Capital Gains Tax,5.21
Clare,2012,Income Taxes,222.38
Clare,2012,Total,411.02
Cork,2012,VAT,770.73
Cork,2012,Corporation Tax,664.9
Cork,2012,Capital Gains Tax,31.43
Cork,2012,Income Taxes,1202.6200000000001
Cork,2012,Total,2669.6800000000003
Donegal,2012,VAT,85.38
Donegal,2012,Corporation Tax,17.24
Donegal,2012,Capital Gains Tax,5.82
Donegal,2012,Income Taxes,122.46000000000001
Donegal,2012,Total,230.9
Dublin,2012,VAT,5250.8
Dublin,2012,Corporation Tax,2656.49
Dublin,2012,Capital Gains Tax,177.16
Dublin,2012,Income Taxes,6984.2
Dublin,2012,Total,15068.65
Galway,2012,VAT,201.97
Galway,2012,Corporation Tax,72.34
Galway,2012,Capital Gains Tax,50.86
Galway,2012,Income Taxes,583.57
Galway,2012,Total,908.74
Kerry,2012,VAT,102.66
Kerry,2012,Corporation Tax,28.97
Kerry,2012,Capital Gains Tax,26.58
Kerry,2012,Income Taxes,480.17
Kerry,2012,Total,638.38
Kildare,2012,VAT,279.13
Kildare,2012,Corporation Tax,62.86
Kildare,2012,Capital Gains Tax,13.62
Kildare,2012,Income Taxes,394.27
Kildare,2012,Total,749.88
Kilkenny,2012,VAT,66.48
Kilkenny,2012,Corporation Tax,14.83
Kilkenny,2012,Capital Gains Tax,5.53
Kilkenny,2012,Income Taxes,215.55
Kilkenny,2012,Total,302.39000000000004
Laois,2012,VAT,44.2
Laois,2012,Corporation Tax,3.93
Laois,2012,Capital Gains Tax,2.55
Laois,2012,Income Taxes,49.48
Laois,2012,Total,100.16
Leitrim,2012,VAT,14.13
Leitrim,2012,Corporation Tax,3.3
Leitrim,2012,Capital Gains Tax,1.07
Leitrim,2012,Income Taxes,108.67
Leitrim,2012,Total,127.17
Limerick,2012,VAT,166.48
Limerick,2012,Corporation Tax,134.63
Limerick,2012,Capital Gains Tax,9.06
Limerick,2012,Income Taxes,416.54999999999995
Limerick,2012,Total,726.7199999999999
Longford,2012,VAT,17.61
Longford,2012,Corporation Tax,5.04
Longford,2012,Capital Gains Tax,0.69
Longford,2012,Income Taxes,39.26
Longford,2012,Total,62.599999999999994
Louth,2012,VAT,138.81
Louth,2012,Corporation Tax,17.92
Louth,2012,Capital Gains Tax,4.57
Louth,2012,Income Taxes,190.59
Louth,2012,Total,351.89
Mayo,2012,VAT,105.28
Mayo,2012,Corporation Tax,40.81
Mayo,2012,Capital Gains Tax,3.87
Mayo,2012,Income Taxes,151.41
Mayo,2012,Total,301.37
Meath,2012,VAT,153.83
Meath,2012,Corporation Tax,44.75
Meath,2012,Capital Gains Tax,14.37
Meath,2012,Income Taxes,298.34000000000003
Meath,2012,Total,511.29
Monaghan,2012,VAT,45.02
Monaghan,2012,Corporation Tax,9.56
Monaghan,2012,Capital Gains Tax,2.67
Monaghan,2012,Income Taxes,60.17
Monaghan,2012,Total,117.42
Offaly,2012,VAT,43
Offaly,2012,Corporation Tax,8.51
Offaly,2012,Capital Gains Tax,2.35
Offaly,2012,Income Taxes,216.3
Offaly,2012,Total,270.16
Other / Foreign,2012,VAT,455.01
Other / Foreign,2012,Corporation Tax,48.23
Other / Foreign,2012,Capital Gains Tax,5.14
Other / Foreign,2012,Income Taxes,180.66000000000003
Other / Foreign,2012,Total,689.04
Roscommon,2012,VAT,36.58
Roscommon,2012,Corporation Tax,3.38
Roscommon,2012,Capital Gains Tax,1.81
Roscommon,2012,Income Taxes,46.940000000000005
Roscommon,2012,Total,88.71000000000001
Sligo,2012,VAT,35.78
Sligo,2012,Corporation Tax,64.81
Sligo,2012,Capital Gains Tax,2
Sligo,2012,Income Taxes,109.66
Sligo,2012,Total,212.25
Tipperary,2012,VAT,121.54
Tipperary,2012,Corporation Tax,28.91
Tipperary,2012,Capital Gains Tax,6.99
Tipperary,2012,Income Taxes,172.26999999999998
Tipperary,2012,Total,329.71
Waterford,2012,VAT,79.16
Waterford,2012,Corporation Tax,45.23
Waterford,2012,Capital Gains Tax,5.85
Waterford,2012,Income Taxes,197.82999999999998
Waterford,2012,Total,328.07
Westmeath,2012,VAT,58.71
Westmeath,2012,Corporation Tax,19.96
Westmeath,2012,Capital Gains Tax,5.85
Westmeath,2012,Income Taxes,754.76
Westmeath,2012,Total,839.28
Wexford,2012,VAT,96.12
Wexford,2012,Corporation Tax,29.51
Wexford,2012,Capital Gains Tax,6.93
Wexford,2012,Income Taxes,147.18
Wexford,2012,Total,279.74
Wicklow,2012,VAT,145.51
Wicklow,2012,Corporation Tax,62.72
Wicklow,2012,Capital Gains Tax,11.12
Wicklow,2012,Income Taxes,226.93
Wicklow,2012,Total,446.28
